case_id,family,n,rtol,atol,status,ref_unc,gap,c_end,c_max,c_rms,d_end,d_max,d_rms,c_acc,c_rej,c_clip,c_int,d_int,d_acc,d_rej,c_rhs,d_rhs,c_jvp,d_jvp,c_wall,d_wall,gap_over_dmax,cmax_over_dmax,dmax_over_dend,cmax_over_cend,dmax_over_rtol
hires-ramped-n96-rtol-1e-8-v2.1,hires-ramped,96,1e-08,1e-10,output-policy-dominated,4.5582989928441775e-05,0.4160863332363846,0.003501579812345617,0.36408258208083866,0.09172733448432681,0.04441456038791687,0.4094536822508206,0.1328468869966153,115,1,98,115,75,75,4,928,632,30470,22462,0.383969384,0.281382838,1.0161987821164618,0.8891911292125374,9.218906562952583,103.97666241882668,0.4094536822508206
hires-ramped-n96-rtol-1e-6-v2.1,hires-ramped,96,1e-06,1e-08,output-policy-dominated,4.5582989928441775e-05,91.94488224147749,0.004088886163807201,0.34518608345399104,0.14048897839187766,3.2967674443718695,91.77919831222674,20.327409800809203,100,,98,100,29,29,5,800,272,22693,9493,0.286393122,0.122875097,1.0018052448953314,0.003761049233396994,27.839148457046644,84.42056580332502,91.77919831222674
hires-ramped-n96-rtol-1e-4-v2.1,hires-ramped,96,0.0001,1.0000000000000002e-06,output-policy-dominated,4.5582989928441775e-05,3925.3236146157215,5.683185838618321,24.23258986835212,10.897670248894359,213.55646489152656,3923.2285484542876,1369.2186138603922,100,,98,100,14,14,3,800,136,20185,4565,0.23397239,0.055165444,1.0005340158330207,0.006176695945460408,18.370919140504807,4.263909461430435,3923.2285484542876
hires-ramped-n384-rtol-1e-8-v2.1,hires-ramped,384,1e-08,1e-10,output-policy-dominated,3.828497863422385e-05,0.4150373438961808,0.0035498901517032923,0.3744516621665745,0.0942333345002929,0.0648727748080008,0.42072492514571447,0.13820607498045748,116,1,98,116,75,75,4,936,632,30756,22462,0.662572101,0.508373799,0.986481473025246,0.8900153991040259,6.485385069328439,105.4826054228486,0.42072492514571447
hires-ramped-n384-rtol-1e-6-v2.1,hires-ramped,384,1e-06,1e-08,output-policy-dominated,3.828497863422385e-05,96.15454719446633,0.0041072396003065895,0.370855901517233,0.14649259692471636,1.896977197733957,95.91191297128944,20.503442196554087,100,,98,100,29,29,6,800,280,22693,9845,0.479268557,0.216576798,1.0025297610657555,0.0038666302237996874,50.560393180192925,90.2932230906495,95.91191297128944
hires-ramped-n384-rtol-1e-4-v2.1,hires-ramped,384,0.0001,1.0000000000000002e-06,output-policy-dominated,3.828497863422385e-05,4029.526104622932,5.626431421826888,24.648610950346697,11.408526490418328,145.64340185357867,4027.183291823251,1392.1056328964273,100,,98,100,14,14,3,800,136,20152,4598,0.422858884,0.102205438,1.0005817497317389,0.006120558505591978,27.65098343330338,4.380860460633386,4027.183291823251
hires-ramped-n1536-rtol-1e-8-v2.1,hires-ramped,1536,1e-08,1e-10,output-policy-dominated,2.9347488946184724e-05,0.4194565148062639,0.0035633501699768814,0.37794280350839216,0.09485255880040981,0.075449837287828,0.42514263503987515,0.13696392282267547,116,1,98,116,76,76,4,936,640,30789,22649,1.813837191,1.371791116,0.9866253822482943,0.8889788328873297,5.634772059454946,106.06389646820598,0.42514263503987515
hires-ramped-n1536-rtol-1e-6-v2.1,hires-ramped,1536,1e-06,1e-08,output-policy-dominated,2.9347488946184724e-05,89.97788267177812,0.004114509657467953,0.37752504637258394,0.1481926889875645,1.9176890632122354,89.73147523202465,20.293698353679282,100,,98,100,29,29,6,800,280,22660,9845,1.344532734,0.578549084,1.0027460535906305,0.004207275600856804,46.79146215795769,91.75456562299354,89.73147523202465
hires-ramped-n1536-rtol-1e-4-v2.1,hires-ramped,1536,0.0001,1.0000000000000002e-06,output-policy-dominated,2.9347488946184724e-05,4116.657685966316,5.600494187352433,24.77764734047835,11.396212982156685,144.31085898150647,4114.317026375564,1402.4298473324181,100,,98,100,14,14,3,800,136,20152,4598,1.163872605,0.288852623,1.0005689059874938,0.00602229900652692,28.51010003968458,4.424189457500658,4114.317026375564
nonautonomous-stiff-forcing-n96-rtol-1e-8-v2.1,nonautonomous-stiff-forcing,96,1e-08,1e-10,output-policy-dominated,4.116687950767782e-05,0.4149237612881085,0.08930256439163826,2.068092896812291,0.2416710114873152,0.0651094854514736,2.2813043844141894,0.2766823083903545,671,10,99,671,615,615,2,5448,4936,190938,176462,2.587572497,2.334143188,0.18188005253610898,0.906539658162868,35.03797286363837,23.158269988111723,2.2813043844141894
nonautonomous-stiff-forcing-n96-rtol-1e-6-v2.1,nonautonomous-stiff-forcing,96,1e-06,1e-08,output-policy-dominated,4.116687950767782e-05,29.057867386618405,11.807203538197665,218.07550835330744,26.350504176427776,4.805310516681601,233.31837217110913,27.543289016254874,275,6,98,275,231,231,19,2248,2000,77132,71467,1.0360867,0.964079849,0.12454170289388176,0.9346692518211853,48.55427580822219,18.46970009857186,233.31837217110913
nonautonomous-stiff-forcing-n96-rtol-1e-4-v2.1,nonautonomous-stiff-forcing,96,0.0001,1.0000000000000002e-06,output-policy-dominated,4.116687950767782e-05,31361.324392192426,318.8150353743336,18962.615321213514,2649.513295661162,723.6830798781572,42189.21245991178,4885.616606788022,132,3,98,132,80,80,11,1080,728,36069,25894,0.485785753,0.354560284,0.7433493673766007,0.4494659704594345,58.29791193544965,59.478422336477145,42189.21245991178
nonautonomous-stiff-forcing-n384-rtol-1e-8-v2.1,nonautonomous-stiff-forcing,384,1e-08,1e-10,output-policy-dominated,4.5107264134709846e-05,0.5889444293782204,0.09005261403533578,2.0883765131134227,0.24188206762588635,0.06696229554979992,2.146848578802204,0.2580425230507365,672,11,99,672,616,616,5,5464,4968,191444,177606,5.05396776,4.633281466,0.2743297478887922,0.9727637681268585,32.060558276494426,23.190626229838966,2.146848578802204
nonautonomous-stiff-forcing-n384-rtol-1e-6-v2.1,nonautonomous-stiff-forcing,384,1e-06,1e-08,output-policy-dominated,4.5107264134709846e-05,27.73047186898267,11.75686073309475,225.51490394908387,26.844886244611505,6.3432332269543545,215.43222151702702,26.759855794948415,274,6,98,274,232,232,21,2240,2024,77044,72259,2.024994489,1.9507099449999998,0.1287201685695422,1.0468021095500792,33.96252570401937,19.181557821321725,215.43222151702702
nonautonomous-stiff-forcing-n384-rtol-1e-4-v2.1,nonautonomous-stiff-forcing,384,0.0001,1.0000000000000002e-06,output-policy-dominated,4.5107264134709846e-05,31123.530214477418,321.25307292383826,17666.94138344089,2594.642312121986,469.9997405675934,42453.13098269122,4985.405917136629,132,3,98,132,80,80,11,1080,728,36069,25894,0.943709022,0.684585404,0.7331268505770976,0.4161516706657978,90.32586045988633,54.99384402037866,42453.13098269122
nonautonomous-stiff-forcing-n1536-rtol-1e-8-v2.1,nonautonomous-stiff-forcing,1536,1e-08,1e-10,output-policy-dominated,4.488333296506138e-05,0.5882765745879054,0.08996526927634964,2.0612938550961064,0.23879796218161442,0.08481936086936845,2.1157782294251515,0.2545885938071822,672,11,99,672,616,616,3,5464,4952,191444,176968,15.642970905,14.595762331,0.27804264473774165,0.9742485419448482,24.944519832962346,22.912106768272476,2.1157782294251515
nonautonomous-stiff-forcing-n1536-rtol-1e-6-v2.1,nonautonomous-stiff-forcing,1536,1e-06,1e-08,output-policy-dominated,4.488333296506138e-05,27.77334896317191,11.741089113539788,223.22993052424255,26.547163513406836,5.941880247337388,212.0136648187648,26.377456524986776,274,6,98,274,232,232,21,2240,2024,77044,72292,6.245250179,5.8969914249999995,0.13099791934125257,1.0529035037202235,35.681241626128376,19.012710691959104,212.0136648187648
nonautonomous-stiff-forcing-n1536-rtol-1e-4-v2.1,nonautonomous-stiff-forcing,1536,0.0001,1.0000000000000002e-06,output-policy-dominated,4.488333296506138e-05,30777.35883099217,320.65805415864804,17041.078894209088,2540.7671872529368,457.11440668632616,42004.646658548816,4941.956378180223,132,3,98,132,80,80,11,1080,728,36069,25894,2.8832369289999997,2.115396544,0.7327131943562806,0.405695089706007,91.89088342904184,53.14408502515855,42004.646658548816
robertson-ramped-n96-rtol-1e-8-v2.1,robertson-ramped,96,1e-08,1e-10,output-policy-dominated,2.559305690577144e-05,1.6872511830217782,0.000991456616393105,0.5914819554163395,0.11398368986994392,0.006237841211243535,2.278259616863152,0.33776911791286585,123,3,99,123,66,66,8,1008,592,32080,21102,0.394872225,0.263900938,0.7405877585386381,0.259620085015038,365.2320634190964,596.5787565855746,2.278259616863152
robertson-ramped-n96-rtol-1e-6-v2.1,robertson-ramped,96,1e-06,1e-08,output-policy-dominated,2.559305690577144e-05,369.8941381648727,21.996216798179013,21.996216798179013,6.21996265062286,3.275077763663655,369.74956579871997,59.20693497464277,100,,98,100,23,23,2,800,200,22200,6954,0.272406536,0.088386001,1.0003910007732948,0.059489500009725665,112.89795005816926,1.0,369.74956579871997
robertson-ramped-n96-rtol-1e-4-v2.1,robertson-ramped,96,0.0001,1.0000000000000002e-06,output-policy-dominated,2.559305690577144e-05,2680.2176470694767,568.0906519248199,568.0906519248199,277.45495771537816,234.27300926219309,2721.5094918453087,544.805757254806,100,,98,100,13,13,4,800,136,17646,4633,0.201566103,0.056921606,0.9848275947963591,0.2087410143624479,11.61682901677955,1.0,2721.5094918453087
robertson-ramped-n384-rtol-1e-8-v2.1,robertson-ramped,384,1e-08,1e-10,output-policy-dominated,8.141526640501057e-05,1.6759398786040791,0.0009921098636345622,0.5957699466141771,0.11463890358668712,0.006347553476893845,2.2712345534409346,0.33697346388759175,123,3,99,123,66,66,8,1008,592,32080,21102,0.688276126,0.469655637,0.7378981955276348,0.26231106149366296,357.81259058448387,600.5080369139697,2.2712345534409346
robertson-ramped-n384-rtol-1e-6-v2.1,robertson-ramped,384,1e-06,1e-08,output-policy-dominated,8.141526640501057e-05,361.1041669205315,20.973098376126025,20.973098376126025,6.016522765497988,1.4396025440406992,360.95909460399207,58.91056343828756,100,,98,100,23,23,2,800,200,22233,7053,0.473319377,0.156573971,1.000401907913412,0.058103809239480705,250.73524362554014,1.0,360.95909460399207
robertson-ramped-n384-rtol-1e-4-v2.1,robertson-ramped,384,0.0001,1.0000000000000002e-06,output-policy-dominated,8.141526640501057e-05,2655.2189111094167,569.0333780332746,569.0333780332746,277.4793796162788,231.51221784033515,2696.6768598094845,542.5526480292666,100,,98,100,13,13,4,800,136,17646,4633,0.365407514,0.104737748,0.9846262823262418,0.21101281600105243,11.648097387539504,1.0,2696.6768598094845
robertson-ramped-n1536-rtol-1e-8-v2.1,robertson-ramped,1536,1e-08,1e-10,output-policy-dominated,3.265718722608712e-05,1.6726955082645356,0.0009920898155877894,0.5968638550549206,0.11480793272109877,0.006376535496972605,2.2690837452252985,0.3367504967575421,123,3,99,123,66,66,8,1008,592,32080,21102,1.94234727,1.323370036,0.7371678157689384,0.2630417922259884,355.84899453670323,601.6228023682443,2.2690837452252985
robertson-ramped-n1536-rtol-1e-6-v2.1,robertson-ramped,1536,1e-06,1e-08,output-policy-dominated,3.265718722608712e-05,360.18441236043765,20.992000643197205,20.992000643197205,6.0250501458739665,1.4170026110891933,360.0636092237252,58.82880220777089,100,,98,100,23,23,2,800,200,22233,7053,1.2891223969999999,0.425957744,1.0003355049875018,0.058300811593969895,254.1022905716163,1.0,360.0636092237252
robertson-ramped-n1536-rtol-1e-4-v2.1,robertson-ramped,1536,0.0001,1.0000000000000002e-06,output-policy-dominated,3.265718722608712e-05,2647.914234479551,569.2752296890429,569.2752296890429,277.46659725950394,230.62506208636887,2689.414714063199,541.9077124672642,100,,98,100,13,13,4,800,136,17646,4633,1.027209528,0.274556001,0.9845689549601115,0.21167253481296505,11.661415675005935,1.0,2689.414714063199
rotating-nonnormal-n96-rtol-1e-8-v2.1,rotating-nonnormal,96,1e-08,1e-10,output-policy-dominated,2.6829228099068283e-05,0.2384261799042036,0.05512719776982157,1.3796970056382118,0.29001740310596325,0.06023841958742165,1.6178232451219814,0.35010728616106623,468,1,99,468,421,421,1,3752,3376,131362,120692,1.739348064,1.5962379580000001,0.14737467805775445,0.8528107194640937,26.857000170366327,25.027519290913478,1.6178232451219814
rotating-nonnormal-n96-rtol-1e-6-v2.1,rotating-nonnormal,96,1e-06,1e-08,output-policy-dominated,2.6829228099068283e-05,217.10587043649923,3.803896597596929,207.05749344393274,45.01447563625401,3.401458962045588,365.0815802361907,82.44389354017326,179,3,98,179,141,141,1,1456,1136,50765,40579,0.668965279,0.539226072,0.5946776890141702,0.5671540407762458,107.33087898747893,54.43299735716767,365.0815802361907
rotating-nonnormal-n96-rtol-1e-4-v2.1,rotating-nonnormal,96,0.0001,1.0000000000000002e-06,output-policy-dominated,2.6829228099068283e-05,13239.701977753019,387.48618087492423,708.7875852434637,256.7338086000408,2031.6591970033148,13889.830663211982,4141.598918750852,100,,98,100,48,48,10,800,464,26191,16357,0.341759025,0.213200891,0.9531939084627672,0.05102924595911227,6.836693222809908,1.8291944854473445,13889.830663211982
rotating-nonnormal-n384-rtol-1e-8-v2.1,rotating-nonnormal,384,1e-08,1e-10,output-policy-dominated,2.718977506188387e-05,0.24399866205458406,0.07400524167518371,1.66487549491583,0.32650317947446633,0.05309960704173596,1.9083459162584415,0.3839834892806711,479,1,99,479,426,426,1,3840,3416,133914,122122,3.428654754,3.042625452,0.12785871784344788,0.8724180876913726,35.93898378115102,22.496723978324837,1.9083459162584415
rotating-nonnormal-n384-rtol-1e-6-v2.1,rotating-nonnormal,384,1e-06,1e-08,output-policy-dominated,2.718977506188387e-05,332.2524827771356,4.015728768792591,258.02441443392416,52.08417186935303,5.4628907699547575,454.05520209627014,98.8194734388183,184,2,98,184,143,143,1,1488,1152,51315,41085,1.304725936,1.055593023,0.7317446892871198,0.5682666187782539,83.11628791729082,64.2534467066371,454.05520209627014
rotating-nonnormal-n384-rtol-1e-4-v2.1,rotating-nonnormal,384,0.0001,1.0000000000000002e-06,output-policy-dominated,2.718977506188387e-05,15724.526664964666,503.4344430512455,557.5207246697069,266.0690075467089,1622.293750073569,16279.870185654505,4220.9969787316195,100,,98,100,48,48,8,800,448,26191,15917,0.662878435,0.410284522,0.9658877181232565,0.03424601783133276,10.035093943323293,1.1074346071568961,16279.870185654505
rotating-nonnormal-n1536-rtol-1e-8-v2.1,rotating-nonnormal,1536,1e-08,1e-10,output-policy-dominated,2.902269752116047e-05,0.22414998248334056,0.06444428343193535,1.6002099705002961,0.32616808232822125,0.0553212482500339,1.7755841752792862,0.3828934598107141,479,1,99,479,427,427,1,3840,3424,133947,122375,10.212419034,9.487171898,0.12624013302443599,0.901230137539717,32.095880542214594,24.830906409106138,1.7755841752792862
rotating-nonnormal-n1536-rtol-1e-6-v2.1,rotating-nonnormal,1536,1e-06,1e-08,output-policy-dominated,2.902269752116047e-05,329.56291356250296,3.983856038297969,253.11570864452534,52.25471515494902,4.58890490496202,447.15023860948884,101.01244888262912,184,3,98,184,143,143,1,1496,1152,51799,41118,3.923250432,3.155329513,0.7370294927882644,0.5660641251845103,97.44160052782563,63.5353552465878,447.15023860948884
rotating-nonnormal-n1536-rtol-1e-4-v2.1,rotating-nonnormal,1536,0.0001,1.0000000000000002e-06,output-policy-dominated,2.902269752116047e-05,14484.637266136047,490.86024152101174,519.7100380905335,264.20282396556064,1392.7463122163508,15002.308629012468,4155.11027952885,100,,98,100,48,48,8,800,448,26191,15917,1.968117144,1.234537256,0.9654938865958728,0.034642004170310395,10.771745361966532,1.0587739526023252,15002.308629012468
semilinear-advection-diffusion-ramped-n96-grid8x12-rtol-1e-8-v2.1,semilinear-advection-diffusion-ramped,96,1e-08,1e-10,output-policy-dominated,0.0038329446227617684,188.0473427355134,0.9852728571145193,19.839107260521796,6.135489237142364,3.8275298654879797,207.4822205317779,63.481537848068925,100,,98,100,60,60,6,800,528,27346,18843,0.325725172,0.226567743,0.9063299122862055,0.09561834845257619,54.20786455583295,20.135647823104375,207.4822205317779
semilinear-advection-diffusion-ramped-n96-grid8x12-rtol-1e-6-v2.1,semilinear-advection-diffusion-ramped,96,1e-06,1e-08,output-policy-dominated,0.0038329446227617684,5328.9810898603555,2.8148297370731097,10.376641040247302,3.406200407223183,255.00124704064547,5318.906887849224,1640.8675354723441,100,,98,100,27,27,8,800,280,22759,9911,0.273375712,0.119669056,1.0018940361663682,0.0019508972913122838,20.858356378945185,3.686418721381367,5318.906887849224
semilinear-advection-diffusion-ramped-n96-grid8x12-rtol-1e-4-v2.1,semilinear-advection-diffusion-ramped,96,0.0001,1.0000000000000002e-06,output-policy-dominated,0.0038329446227617684,134174.29862186147,851.257832002533,72450.97028250624,25742.05668632757,12443.76483171046,170190.82366410232,52344.13421907633,100,,98,100,15,15,5,800,160,20515,5489,0.246913576,0.068006333,0.7883756346739058,0.42570432836907435,13.676795243703486,85.11048892445393,170190.82366410232
semilinear-advection-diffusion-ramped-n384-grid16x24-rtol-1e-8-v2.1,semilinear-advection-diffusion-ramped,384,1e-08,1e-10,output-policy-dominated,0.01689935635722317,230.1981272705025,0.680057193710167,32.69227611891445,10.821977544714525,2.2454138611428713,260.7830573817542,76.11213984077516,100,,98,100,63,63,4,800,536,27379,19063,0.609793872,0.40446274,0.8827188759180812,0.12536196349234832,116.1403079826989,48.07283331649829,260.7830573817542
semilinear-advection-diffusion-ramped-n384-grid16x24-rtol-1e-6-v2.1,semilinear-advection-diffusion-ramped,384,1e-06,1e-08,output-policy-dominated,0.01689935635722317,7113.322578601212,2.41563746773766,45.503767707916474,13.536258830682566,179.40336381294932,7097.947382389844,2149.0008321562154,100,,98,100,28,28,7,800,280,22825,9878,0.475717639,0.214073097,1.0021661468285203,0.006410834746508867,39.56418225128906,18.837167545067327,7097.947382389844
semilinear-advection-diffusion-ramped-n384-grid16x24-rtol-1e-4-v2.1,semilinear-advection-diffusion-ramped,384,0.0001,1.0000000000000002e-06,output-policy-dominated,0.01689935635722317,214346.50824209393,2.313928811090881,24504.528495521656,7004.017956521611,8011.6312108644925,227995.59920840044,72679.87812053705,100,,98,100,16,16,4,800,160,20614,5489,0.425582717,0.117228677,0.9401344104285517,0.10747807668481872,28.45807466764295,10590.00967448485,227995.59920840044
semilinear-advection-diffusion-ramped-n1536-grid32x48-rtol-1e-8-v2.1,semilinear-advection-diffusion-ramped,1536,1e-08,1e-10,output-policy-dominated,0.013657074095441701,122.52819321355223,0.7215320552637865,59.93801534523828,17.121189690833905,2.3581662457152937,169.07050489970956,50.76516664610589,109,1,98,109,66,66,3,880,552,29744,19701,1.713755452,1.199836307,0.7247165511585499,0.3545149130582696,71.69575309073515,83.07048163414639,169.07050489970956
semilinear-advection-diffusion-ramped-n1536-grid32x48-rtol-1e-6-v2.1,semilinear-advection-diffusion-ramped,1536,1e-06,1e-08,output-policy-dominated,0.013657074095441701,9246.159068313253,2.546279148447879,44.19891911975706,10.875608742207216,173.46865563485136,9276.403439616752,3023.8618063599156,100,,98,100,28,28,8,800,288,23089,10626,1.328422546,0.625454344,0.9967396446801425,0.004764661154235343,53.4759631684898,17.358237861194105,9276.403439616752
semilinear-advection-diffusion-ramped-n1536-grid32x48-rtol-1e-4-v2.1,semilinear-advection-diffusion-ramped,1536,0.0001,1.0000000000000002e-06,output-policy-dominated,0.013657074095441701,397777.80860599974,2.546277711901334,35824.75272802072,9033.834388915115,1609.336944928126,382741.25494917046,122317.25258531768,100,,98,100,17,17,6,800,184,20680,7667,1.179334565,0.463345238,1.0392864721594388,0.0936004474688217,237.82543248969154,14069.460122348548,382741.25494917046
van-der-pol-ramped-n96-rtol-1e-8-v2.1,van-der-pol-ramped,96,1e-08,1e-10,output-policy-dominated,5.7241636692745316e-05,0.49959577792843557,0.00033330344045261255,0.18447052767507416,0.05696786960503346,0.001291984859231126,0.5103137528022186,0.12834652046824052,307,7,99,307,253,253,6,2512,2072,87560,74074,1.095243811,0.965958122,0.9789972838965659,0.361484531157774,394.984313597848,553.4612166756235,0.5103137528022186
van-der-pol-ramped-n96-rtol-1e-6-v2.1,van-der-pol-ramped,96,1e-06,1e-08,output-policy-dominated,5.7241636692745316e-05,237.82807578105977,0.003824770128436873,25.841194483033902,7.304907637873847,0.05107941787197963,255.11615519324104,29.272754588616777,148,4,98,148,87,87,7,1216,752,39677,26884,0.523537487,0.339966419,0.9322344780592738,0.10129187806025124,4994.500051520532,6756.273871443044,255.11615519324104
van-der-pol-ramped-n96-rtol-1e-4-v2.1,van-der-pol-ramped,96,0.0001,1.0000000000000002e-06,output-policy-dominated,5.7241636692745316e-05,6988.728356179603,1.3568943666071982,1318.945524808178,274.4653313106369,6.193576064208508,7967.33942884754,1853.974897141069,100,,98,100,29,29,10,800,312,23452,11055,0.299622216,0.139026896,0.8771721625007395,0.1655440359466348,1286.3875968019947,972.0325747287845,7967.33942884754
van-der-pol-ramped-n384-rtol-1e-8-v2.1,van-der-pol-ramped,384,1e-08,1e-10,output-policy-dominated,5.926495671832345e-05,0.39215376195338997,0.0003281076845898584,0.18408627471465697,0.05689009850934521,0.0016807749037379533,0.4137569295368582,0.11066119881498401,307,7,99,307,253,253,6,2512,2072,87593,74074,2.010429722,1.768759838,0.9477877805994696,0.44491405840795284,246.17034001202956,561.0544445027818,0.4137569295368582
van-der-pol-ramped-n384-rtol-1e-6-v2.1,van-der-pol-ramped,384,1e-06,1e-08,output-policy-dominated,5.926495671832345e-05,207.6460247394381,0.005723010425432124,25.87254499117387,7.404125843650235,0.05503347082679372,224.94277212140287,26.65721363092548,148,4,98,148,87,87,6,1216,744,39710,26598,1.025937886,0.619811315,0.9231060095025876,0.11501834331983032,4087.3811653523176,4520.792916294631,224.94277212140287
van-der-pol-ramped-n384-rtol-1e-4-v2.1,van-der-pol-ramped,384,0.0001,1.0000000000000002e-06,output-policy-dominated,5.926495671832345e-05,7402.440399018429,1.3498637189580394,1317.2065795567214,274.0961513444874,6.52054612228739,7220.672632116132,2063.0810523076934,100,,98,100,29,29,10,800,312,23452,11055,0.53564714,0.27314604,1.0251732457851406,0.18242158960344573,1107.3723729114793,975.8070841206652,7220.672632116132
van-der-pol-ramped-n1536-rtol-1e-8-v2.1,van-der-pol-ramped,1536,1e-08,1e-10,output-policy-dominated,5.086248600603502e-05,0.3160724339237663,0.00032809732460315014,0.18400302722193854,0.056874633840070236,0.0016572389751155258,0.28888005638553327,0.10435059643091016,307,7,99,307,253,253,6,2512,2072,87593,74074,5.464824927,4.5746262909999995,1.0941303386549561,0.6369530300020848,174.31406135339986,560.8184322883438,0.28888005638553327
van-der-pol-ramped-n1536-rtol-1e-6-v2.1,van-der-pol-ramped,1536,1e-06,1e-08,output-policy-dominated,5.086248600603502e-05,200.02368779991656,0.005773583099025695,25.90918267502092,7.4041210246164235,0.05554568783362407,217.32228418805315,25.96364853889153,148,4,98,148,87,87,6,1216,744,39710,26598,2.535998158,1.699378001,0.9204011845689613,0.1192200918181092,3912.496049000209,4487.539579952205,217.32228418805315
van-der-pol-ramped-n1536-rtol-1e-4-v2.1,van-der-pol-ramped,1536,0.0001,1.0000000000000002e-06,output-policy-dominated,5.086248600603502e-05,7239.248260664345,1.34791720739906,1316.7455113602366,273.99687294690693,6.484860098408718,7215.611067469145,2124.0720312061026,100,,98,100,29,29,10,800,312,23452,11055,1.48812405,0.726523332,1.0032758408087938,0.18248565492902616,1112.6856952919836,976.874176049008,7215.611067469145
