file	bytes	git_blob_sha
VIGILODE_PM4_TASK1_CWD_SURGICAL_HANDOFF_20260824.tar.gz.b64.part-00	1801	10ae57ae760bdb0a0f3c40641aebe3cc83801b6c
VIGILODE_PM4_TASK1_CWD_SURGICAL_HANDOFF_20260824.tar.gz.b64.part-01	1801	339001ce5587eb584e053d0781c95d391e7e8841
VIGILODE_PM4_TASK1_CWD_SURGICAL_HANDOFF_20260824.tar.gz.b64.part-02	1801	ae3a26e9a87f953eb2c6a6111f0ea0c812f803c3
VIGILODE_PM4_TASK1_CWD_SURGICAL_HANDOFF_20260824.tar.gz.b64.part-03	1801	1a8cf45d9616e7155bc254cd67143f18f41b4783
VIGILODE_PM4_TASK1_CWD_SURGICAL_HANDOFF_20260824.tar.gz.b64.part-04	1801	501bf33572f3dd66d535114ef3286a6a53837dcd
VIGILODE_PM4_TASK1_CWD_SURGICAL_HANDOFF_20260824.tar.gz.b64.part-05	1801	45f2249b6c97ba884042fda84ac64d07f9419583
VIGILODE_PM4_TASK1_CWD_SURGICAL_HANDOFF_20260824.tar.gz.b64.part-06	1801	5b1c6965af9da7f6a37e9452ba523c54ecea59d4
VIGILODE_PM4_TASK1_CWD_SURGICAL_HANDOFF_20260824.tar.gz.b64.part-07	1801	a15d3dd661ddb8bfeeab0cd0601fb8a7ad2e7945
VIGILODE_PM4_TASK1_CWD_SURGICAL_HANDOFF_20260824.tar.gz.b64.part-08	1801	b498748b22c71d7d408cc29dfd9a37e7112a3163
VIGILODE_PM4_TASK1_CWD_SURGICAL_HANDOFF_20260824.tar.gz.b64.part-09	1801	201892960ba044407ef0d58ba32191416ecaa079
VIGILODE_PM4_TASK1_CWD_SURGICAL_HANDOFF_20260824.tar.gz.b64.part-10	1801	c080d89f86131369ad9edc73a248520af0035f49
VIGILODE_PM4_TASK1_CWD_SURGICAL_HANDOFF_20260824.tar.gz.b64.part-11	1801	b69cbe2d8b886efafabbe093144560d39c543b0f
VIGILODE_PM4_TASK1_CWD_SURGICAL_HANDOFF_20260824.tar.gz.b64.part-12	1801	7dfe29e0faa765ce8135b19f8249420c957491a2
VIGILODE_PM4_TASK1_CWD_SURGICAL_HANDOFF_20260824.tar.gz.b64.part-13	1801	b6c82735b83a0ae64822c53f1273eab93e4c05b8
VIGILODE_PM4_TASK1_CWD_SURGICAL_HANDOFF_20260824.tar.gz.b64.part-14	1801	7c87656dc52e4b9902aa753e4269d4355df50230
VIGILODE_PM4_TASK1_CWD_SURGICAL_HANDOFF_20260824.tar.gz.b64.part-15	1801	ed4dfbad7f007c5f42d56f5d2b56c18eaea9b986
VIGILODE_PM4_TASK1_CWD_SURGICAL_HANDOFF_20260824.tar.gz.b64.part-16	1801	f82fe1d69b17cbb258fad3b828a7fd5356532ee5
VIGILODE_PM4_TASK1_CWD_SURGICAL_HANDOFF_20260824.tar.gz.b64.part-17	1801	896ada1131cb977ba553888f237db24ec42517c5
VIGILODE_PM4_TASK1_CWD_SURGICAL_HANDOFF_20260824.tar.gz.b64.part-18	1801	4b24ae04dfddfed3f57b10b6ce246180da96698c
VIGILODE_PM4_TASK1_CWD_SURGICAL_HANDOFF_20260824.tar.gz.b64.part-19	1801	bc271a60a76a32feb81574d88c014b24eef737ff
VIGILODE_PM4_TASK1_CWD_SURGICAL_HANDOFF_20260824.tar.gz.b64.part-20	1801	2a126861f3c747c39696d3b359d250d6bb084db8
VIGILODE_PM4_TASK1_CWD_SURGICAL_HANDOFF_20260824.tar.gz.b64.part-21	1801	6f8c9ffc956a7e66854a08e777a05126e9d61dd1
VIGILODE_PM4_TASK1_CWD_SURGICAL_HANDOFF_20260824.tar.gz.b64.part-22	1069	bb360b2afd7b5353be6677e5c9fbdd6bcea5f1f5
