trajectory_id,family,dimension,rtol,decision_accepted_step,target_attempt_index,target_accepted_steps_before,t_start,h,target_r_error_norm,zeta23,zeta34,relative_drift,stage_log_curvature_kappa234,remainder_chi34,rho2,rho3,rho4,audit_full_e_total_error,audit_full_e_locally_admissible,unsafe,actual_prefix_jvp_vectors
hires-ramped-n256,hires-ramped,256,3e-05,4,5,5,0.2662939998719334,0.06720312590626967,0.22538408923439385,10.873617693092314,23.65228410234199,0.37011825165243106,0.26846467816720887,1.0,3.21008297918138,15.429453223064415,68.40306232212355,1.9840230924472517,False,True,19
hires-ramped-n256,hires-ramped,256,3e-05,9,11,10,0.528085308729814,0.05188061454157929,0.09497771289904995,34.77750532613651,50.61573235151015,0.18547401944357472,-0.11961374202452957,0.9999999999999984,26.858817162451224,97.98332179083981,273.6829070433419,1.153736069494021,False,True,21
hires-ramped-n256,hires-ramped,256,3e-05,14,16,15,0.8075988654419904,0.07095098389725227,0.023480599820916635,1.1538724471915796,1.4685666552317727,0.12000057799221701,-0.04415735882116567,0.9999999999999986,1.4470085894674662,5.497807183461081,16.615627627752467,0.06611671041937321,True,False,21
hires-ramped-n96,hires-ramped,96,3e-06,4,6,5,0.17371069386572993,0.0392162023416084,0.04458061252642754,0.5558191728617302,1.137581835525021,0.3435468975051086,0.19785220905627732,0.9999999999999997,0.2285776773998372,1.0430881235266962,4.245225098235337,0.08190510530427424,True,False,21
hires-ramped-n96,hires-ramped,96,3e-06,17,19,18,0.6462670789904085,0.02702980374856127,0.10376554131517135,4.379528596719548,6.23416012548466,0.1747395818086466,-0.06462450304479184,0.9999999999999997,5.0836079555436715,19.227173588401513,57.19304266064195,0.20406458303012415,True,False,21
nonautonomous-stiff-forcing-n256,nonautonomous-stiff-forcing,256,3e-05,17,25,18,0.4065750304074851,0.003854081266499362,0.4141115518350096,62.50357042429309,82.65571521586895,0.13882780355871535,0.05540334253390378,0.9994411504859773,52.96080376216689,189.91650606689015,579.4442434006331,1.1589798513834526,False,True,17
nonautonomous-stiff-forcing-n256,nonautonomous-stiff-forcing,256,3e-05,26,34,27,0.4353846542975862,0.0025401743718945044,0.24521374406452953,62.513253114361525,71.00483532031836,0.06359874010712126,-0.2853784492289988,0.9983592961989248,60.065627475182026,225.46856902874018,585.2979884688926,0.26495053772661614,True,False,17
nonautonomous-stiff-forcing-n256,nonautonomous-stiff-forcing,256,3e-05,36,44,37,0.4591658865256972,0.0022388743867680677,0.17213002812643755,49.28450839264116,60.67112955418239,0.10355650127779717,0.23086478037420544,0.9987136163285703,87.74698910862878,220.7337002972315,552.7649785115572,0.22583435948319414,True,False,17
nonautonomous-stiff-forcing-n256,nonautonomous-stiff-forcing,256,3e-05,47,55,48,0.4830154574995373,0.00207736483070322,0.151182989906214,13.462231882208282,21.44770826368738,0.22874506080807322,-0.022135804309255214,0.9997253192113899,29.779516656598776,116.58418957647069,366.1132357498061,0.07398471763164335,True,False,19
nonautonomous-stiff-forcing-n256,nonautonomous-stiff-forcing,256,3e-05,59,67,60,0.5095894537342331,0.002414389753482703,0.11035560651414637,7.221733135374017,10.838048608237296,0.20024137191705307,-0.03157283249641751,0.999891551728346,44.504515520862974,171.1935121000566,526.7158529241502,0.11256470646583816,True,False,17
nonautonomous-stiff-forcing-n256,nonautonomous-stiff-forcing,256,3e-05,69,77,70,0.5368809074143731,0.002971966278183983,0.14037237440720873,31.7507564681563,41.76213448212128,0.1361853395309463,0.03847729151897705,0.9994860717727767,77.43768068590128,240.43238776503398,642.782579716464,0.24857532901097423,True,False,15
nonautonomous-stiff-forcing-n256,nonautonomous-stiff-forcing,256,3e-05,87,95,88,0.6055673132047561,0.005172354356271414,0.09386330279220381,105.55429075003107,95.10652775223483,-0.05206678152605198,-0.3680556662460126,0.9992965514699703,119.56229261670117,439.39000176896263,1067.1635028642838,0.11558687015019088,True,False,15
nonautonomous-stiff-forcing-n256,nonautonomous-stiff-forcing,256,3e-05,95,103,96,0.6530207617808661,0.007114698931966441,0.08394761431660028,34.55409972898684,54.67180574843306,0.22546934000616375,-0.017456753263787705,0.999863361919015,180.7830456367912,710.3358758680871,2243.7641926775545,0.37645968743102454,True,False,15
nonautonomous-stiff-forcing-n256,nonautonomous-stiff-forcing,256,3e-05,110,118,111,0.7766377273628609,0.008261453986566476,0.1601858334118099,212.86624506278673,341.810649476644,0.23246759633087782,-0.022719075371017805,0.9996618336391945,234.26972473786188,914.4489001603489,2863.531427719533,0.6442297200206675,True,False,15
nonautonomous-stiff-forcing-n256,nonautonomous-stiff-forcing,256,3e-05,133,141,134,0.9811337527307237,0.008406653856797182,0.18052767309034534,127.83374864580007,207.1721763977227,0.2368269389313495,-0.024442165492826406,0.9997255068369096,256.97489724449304,1007.5417137810709,3163.745401979619,0.7353262139081987,True,False,14
nonautonomous-stiff-forcing-n96,nonautonomous-stiff-forcing,96,3e-06,10,15,11,0.33245054265374946,0.009838095523094028,0.6716167018924214,110.95371256288655,197.07774515268272,0.27959492588358154,0.05209248643174247,0.9995852373055164,172.89458548290156,717.1719277251651,2470.8653073901837,5.841733184291287,False,True,19
nonautonomous-stiff-forcing-n96,nonautonomous-stiff-forcing,96,3e-06,45,53,46,0.4325099110161706,0.0014735712740100416,0.20741814462533334,92.15202159366648,91.21783325475778,-0.005094557879652076,0.011165963397647305,0.9993195912166274,212.8189156539491,538.5959777899461,1191.4358501355737,0.2332574189192518,True,False,17
nonautonomous-stiff-forcing-n96,nonautonomous-stiff-forcing,96,3e-06,51,59,52,0.4411437685291044,0.0014144000141194343,0.16997055971898578,87.31051301272952,94.05567866304031,0.03719086555210464,0.20989763989012822,0.999845423646711,248.54990186718055,619.7736058437775,1521.6538384604687,0.1504971146815555,True,False,17
nonautonomous-stiff-forcing-n96,nonautonomous-stiff-forcing,96,3e-06,63,71,64,0.4578585529238527,0.0013502878191107846,0.171138460224471,71.56997198408783,89.17384747443955,0.10951510017399832,0.0843375269738198,0.9996950277998269,184.1174042802179,516.9930855989605,1303.9082322673564,0.1464005191070944,True,False,19
nonautonomous-stiff-forcing-n96,nonautonomous-stiff-forcing,96,3e-06,79,87,80,0.4789245507173734,0.001251953322790326,0.1717926661693847,10.181546650451851,16.19615241436434,0.22801859059553276,-0.01862239992887793,0.9999439298869258,82.98767352765678,326.07981427475556,1029.3034906397424,0.08525068919180759,True,False,19
nonautonomous-stiff-forcing-n96,nonautonomous-stiff-forcing,96,3e-06,102,110,103,0.5097046804024012,0.0014832464247377805,0.12118444706866886,10.315159980914716,15.836317018209604,0.21112218776322894,-0.024969945172804264,0.9999601524108606,104.49195513320927,407.5888690651089,1273.8919939414209,0.11430440641375975,True,False,19
nonautonomous-stiff-forcing-n96,nonautonomous-stiff-forcing,96,3e-06,130,138,131,0.5586495332468878,0.0020825590147125848,0.09952851639374476,9.799446432630921,14.89098967990312,0.20621520106270982,-0.024184806851336393,0.9999742447510475,116.35717221766471,454.2701022182685,1421.5050719311707,0.07321395432798009,True,False,17
nonautonomous-stiff-forcing-n96,nonautonomous-stiff-forcing,96,3e-06,159,167,160,0.6445274476435227,0.004043489317754781,0.10227849189088556,43.920017548001724,65.38832617409473,0.1964013715245164,-0.01614619502481851,0.9999552257489154,357.3811357037849,1405.4500629075635,4446.146390840005,0.19282179673747088,True,False,17
nonautonomous-stiff-forcing-n96,nonautonomous-stiff-forcing,96,3e-06,183,191,184,0.7594125506557751,0.004824449602724354,0.1739237527797696,67.38057336136913,107.65712954840637,0.23010217523134485,-0.010408712558467759,0.9999403319527387,515.728532491376,2043.0394112732165,6525.283323208292,0.26043356031223575,True,False,14
nonautonomous-stiff-forcing-n96,nonautonomous-stiff-forcing,96,3e-06,224,232,225,0.9698026102563019,0.004884918102383785,0.17980850008401775,72.42996282653874,116.13912290133877,0.23179388024332023,-0.010243321318949672,0.9999381209011275,531.230878611705,2104.8387785371933,6724.368016480591,0.26586188109279474,True,False,14
robertson-ramped-n256,robertson-ramped,256,3e-05,14,17,15,0.05618652946856745,0.00621040466738395,0.0005248339762460173,3.5882301795891007,4.600461072345212,0.12361326878907596,-0.10043478169750464,0.9999999968978323,2.448242868898692,8.876442994685478,24.94347920348244,0.04486950120967954,True,False,21
robertson-ramped-n96,robertson-ramped,96,3e-06,7,9,8,0.010392888877781148,0.002481120643203186,0.005545372056666945,0.14468063459312844,0.3206007230736222,0.3780939974957977,0.04466088171208238,0.9999931517156233,0.43017185097568317,1.7543032120356958,5.931653993483624,0.02157318069048089,True,False,19
robertson-ramped-n96,robertson-ramped,96,3e-06,21,24,22,0.06440187214370843,0.005988494210101368,0.008552781175550686,6.606121363560271,8.754571940929326,0.13986677129613087,-0.10351294854283255,0.9999999999784122,4.675111100148025,17.015609087634846,47.884711185527934,0.0821195549740648,True,False,23
rotating-nonnormal-n256,rotating-nonnormal,256,3e-05,7,9,8,0.24229086462023972,0.024994283910937668,0.18348608540735986,0.5510496055717043,0.9098848125380208,0.24562033895443877,-0.013938208082517889,0.9999610121110399,3.7226125787411863,14.750828735247795,47.02555020492761,0.03956481139374672,True,False,19
rotating-nonnormal-n256,rotating-nonnormal,256,3e-05,20,23,21,0.489846817380506,0.012185335063621508,0.19742159594157546,3.743708174795744,4.797140727228753,0.12334049747482444,-0.00486500594583239,0.9996755334771052,8.478934507178936,33.02158733646273,104.29451504268191,0.4382889212983995,True,False,19
rotating-nonnormal-n256,rotating-nonnormal,256,3e-05,36,39,37,0.6588994415849827,0.007570593132070694,0.15544136889872998,0.5816897224283852,0.7253141072139279,0.10988826622248554,-0.02185960280573629,0.9999952511475898,6.775730783355593,26.21718631434282,81.52940911471757,0.224564093252489,True,False,21
rotating-nonnormal-n256,rotating-nonnormal,256,3e-05,55,58,56,0.8195596319218308,0.009215171173720907,0.14086556746443646,0.8442928179184912,0.91500085046208,0.040191148194533954,-0.03556176451699389,0.9999617480697535,8.4306661871879,32.49653097179095,99.92269545638173,0.1638675457816594,True,False,23
rotating-nonnormal-n256,rotating-nonnormal,256,3e-05,75,78,76,0.9943861530745877,0.005613846925412336,0.057491649647632724,0.43013181818437807,0.6278712823438235,0.18689875678126577,-0.022509235178964193,0.9999781088978681,2.5071367745969746,9.828539603395468,30.893624665949883,0.04004774708268026,True,False,21
rotating-nonnormal-n96,rotating-nonnormal,96,3e-06,9,11,10,0.19411407405046793,0.01573045394904924,0.22934600902886867,0.46806205812649493,0.7770010569811382,0.2481311952028521,-0.003575597051433954,0.9999931624478603,11.909707025964687,47.48511355251586,153.1085701386557,0.06614569409422703,True,False,17
rotating-nonnormal-n96,rotating-nonnormal,96,3e-06,27,29,28,0.4536169689530036,0.00938814929566248,0.23144657327813417,15.99880285879919,19.13442670581303,0.08924951921220994,-0.025035027128118115,0.9998784506230626,24.76773588742196,87.69474910951047,252.46847248917985,0.5540749088583444,True,False,19
rotating-nonnormal-n96,rotating-nonnormal,96,3e-06,39,41,40,0.5444815465328785,0.005698562784895704,0.1986986915347013,2.8701789524010555,3.915005576814972,0.15398647154178985,-0.0057929257435815895,0.9999723456559598,13.714398768562887,54.2958089109695,173.79673355445033,0.3000131267757651,True,False,21
rotating-nonnormal-n96,rotating-nonnormal,96,3e-06,59,61,60,0.6436421788159089,0.0039591495130095414,0.12445591386148226,0.593240319791164,1.004037703992357,0.25718589881311,-0.032432086035561136,0.9999983618736642,12.168551931866876,46.9593265140958,144.80333872122867,0.17171523697191207,True,False,21
rotating-nonnormal-n96,rotating-nonnormal,96,3e-06,92,94,93,0.8058257544933122,0.004859961352970985,0.17150665697812875,0.5680701735728505,0.6320276902265786,0.05329358428423735,-0.04171068988075666,0.9999918056197782,19.479342770744868,74.93381689009523,229.190317936303,0.12201707715848431,True,False,21
rotating-nonnormal-n96,rotating-nonnormal,96,3e-06,128,130,129,0.9841969809629966,0.0038819118888389547,0.1542817071731676,1.4524890759684548,2.042383913398284,0.16878863387156073,-0.03672721044682414,0.9999899638972735,10.870062439166315,42.04742654519747,129.58908275334477,0.08344886216233761,True,False,21
semilinear-advection-diffusion-ramped-n256,semilinear-advection-diffusion-ramped,256,3e-05,16,19,17,0.7606516690287735,0.02140633176279981,0.14848395594221364,0.048057608571225346,0.06718411902091964,0.16596861960786832,-0.000468878097313441,0.9999952214258744,0.6654587358401822,2.6559816480048895,8.58696433586245,0.010356490845146612,True,False,43
semilinear-advection-diffusion-ramped-n96,semilinear-advection-diffusion-ramped,96,3e-06,19,23,20,0.7569562637411863,0.023149159121860347,0.15522007951700315,0.2989799050844328,0.4185349843073994,0.16662383037695824,-0.0022308027005659703,0.9999998307189385,7.543756834945423,30.10294510358116,97.20838591769221,0.03130775917656676,True,False,31
van-der-pol-ramped-n256,van-der-pol-ramped,256,3e-05,4,7,5,0.10553109227247634,0.02523870493443927,0.028000025931421542,0.5359184878575396,0.9243144543851679,0.2659821972863508,0.07809419541895135,0.9999995456748552,0.5108500594092514,2.167205357147306,7.727585813084875,0.018896246566391408,True,False,19
van-der-pol-ramped-n256,van-der-pol-ramped,256,3e-05,22,29,23,0.46906665944625486,0.011690384109378936,0.08371816070752547,43.16209407002758,42.79736281491357,-0.0042430614190851704,-0.013026108745071152,0.9999999992135792,66.8765012112986,256.71562313798637,797.092770114535,2.9733214588522463,False,True,21
van-der-pol-ramped-n256,van-der-pol-ramped,256,3e-05,29,36,30,0.5483910513294966,0.010426085676825216,0.10569464617175177,8.959648719755796,10.78074682166619,0.09225236131105469,-0.01956988299735074,0.9999999999848919,19.518749213945583,75.8350920280846,236.97329334632934,0.2621078637293579,True,False,21
van-der-pol-ramped-n96,van-der-pol-ramped,96,3e-06,4,7,5,0.06353015251282892,0.01376568291560599,0.05805692202554807,0.3600283294063023,0.5593387933691755,0.2167909413175171,0.12125295686547011,0.9975434531894842,0.039270869587721614,0.24270227358360139,1.221222408958723,0.0019965305149132733,True,False,19
van-der-pol-ramped-n96,van-der-pol-ramped,96,3e-06,22,27,23,0.363423288471209,0.009532147776062668,0.09326845348443262,34.9082525168945,57.09852190472827,0.24118082094853632,0.06811545139203279,0.99999830762405,35.35348697676075,150.13884756918088,532.6902091734763,0.3302266177076156,True,False,19
van-der-pol-ramped-n96,van-der-pol-ramped,96,3e-06,30,36,31,0.4188675913504136,0.004504958011531745,0.4654273019417884,4.195133291893624,5.612184889585887,0.14448920402809745,-0.007387260450153477,0.9999999946874131,30.527103717458896,121.05964010888248,387.6875418832432,0.28044698739497553,True,False,21
van-der-pol-ramped-n96,van-der-pol-ramped,96,3e-06,90,96,91,0.9142289782433473,0.07497603667548904,0.0011687400970941885,18.85619315124602,23.009713274329915,0.09921008471338155,-0.1408650502745108,0.9999999999966034,9.09496886184976,31.66575136690523,83.9587306202895,0.054025407828413696,True,False,21
