id,n,rhs_columns,target_count,degree,absolute_tolerance,certified_targets,rejected_targets,rhs_target_rows,max_error_upper,exact_enclosure_failures
scalar_degree_0,1,1,33,0,1e-10,1,32,33,0.04166666666666674,0
scalar_degree_8,1,1,33,8,1e-10,33,0,33,3.785860513971784e-13,0
scalar_degree_17,1,1,33,17,1e-10,33,0,33,2.220446049250313e-16,0
scalar_degree_24,1,1,33,24,1e-10,33,0,33,2.220446049250313e-16,0
diagonal4_rank4_degree_17,4,4,65,17,1e-10,65,0,260,2.220446049250313e-16,0
diagonal4_rank4_degree_24,4,4,65,24,1e-10,65,0,260,2.220446049250313e-16,0
skew_damping2_rank2_degree_8,2,2,33,8,1e-10,33,0,66,6.700751065125132e-13,0
skew_damping2_rank2_degree_17,2,2,33,17,1e-10,33,0,66,3.3306690738754696e-16,0
skew_damping2_rank2_degree_24,2,2,33,24,1e-10,33,0,66,3.3306690738754696e-16,0
skew_damping4_rank4,4,4,65,24,1e-10,65,0,260,5.741934705483231e-16,0
zero_j,2,2,33,0,1e-10,33,0,66,0.0,0
zero_h,1,1,33,0,1e-10,33,0,33,0.0,0
extreme_center_2pow_-400,1,1,33,24,1e-10,33,0,33,2.220446049250313e-16,0
extreme_center_2pow_400,1,1,33,24,1e-10,33,0,33,2.220446049250313e-16,0
fixed_holdout3_rank2,3,2,33,24,1e-10,33,0,66,2.1094237467877974e-15,0
